{
    "S0": 954.4000244140624,
    "r": 0.04,
    "T": 0.25,
    "params": {
        "v0": 0.1419691180601284,
        "kappa": 1.4983172052892735,
        "theta": 0.15241773616264123,
        "sigma": 0.7258725600294395,
        "rho": -0.9926843964156896,
        "lamb": 0.07850870606985985,
        "mu_j": 0.09172198846777178,
        "sigma_j": 0.17448892360285692
    }
}