{
  "initial_guess": {
    "v0": 0.055216,
    "kappa": 0.4,
    "theta": 0.301974,
    "sigma": 1.5,
    "rho": -0.639122,
    "lambda": 0.5,
    "mu_j": 0.04,
    "sigma_j": 0.15
  },
  "bounds": {
    "v0": [0.01, 0.07],
    "kappa": [0.35, 0.6],
    "theta": [0.25, 0.4],
    "sigma": [1.0, 1.6],
    "rho": [-0.7, -0.55],
    "lambda": [0.4, 0.7],
    "mu_j": [0.01, 0.06],
    "sigma_j": [0.1, 0.2]
  }
}
